{"Reward": 10.613149796796552, "_timestamp": 1652129818, "_runtime": 2111, "_step": 399, "Return": 8154.2421952028635, "_wandb": {"runtime": 2115}}